epoch,accuracy,loss
1,0.7628674873280231,0.47292830612924364
2,0.7628674873280231,0.47292830612924364
3,0.7628674873280231,0.47292830612924364
4,0.7628674873280231,0.47292830612924364
5,0.7628674873280231,0.47292830612924364
6,0.7628674873280231,0.47292830612924364
7,0.7628674873280231,0.47292830612924364
8,0.7628674873280231,0.47292830612924364
9,0.7628674873280231,0.47292830612924364
10,0.7628674873280231,0.47292830612924364
