epoch,accuracy,loss
1,0.9714953791337267,0.16570524871349335
