epoch,accuracy,loss
1,0.9429907582674535,0.20394739425844616
