epoch,accuracy,loss,precision,recall,F1-Score,val_accuracy,val_loss,val_precision,val_recall,val_F1-Score
0.0,0.677734375,0.8396389897713445,0.742059051990509,0.6801693439483643,0.6297661066055298,0.7131627202033997,0.5781414577218352,0.6792107224464417,0.9483439922332764,0.7757681012153625
1.0,0.7405759692192078,0.6120047902864684,0.8254701495170593,0.7455319762229919,0.7174318432807922,0.6902215480804443,1.0277179557769025,0.6517775654792786,0.9727450609207153,0.7699392437934875
2.0,0.7798916101455688,0.6265580632068493,0.8421928286552429,0.78578782081604,0.7643595933914185,0.795028567314148,0.5481427414495437,0.9619390368461609,0.6286348700523376,0.7388182878494263
3.0,0.7731079459190369,0.7478132636090855,0.842610239982605,0.7783702611923218,0.7583128213882446,0.6483414173126221,1.7400786681253402,0.9033288955688477,0.4610370993614197,0.5156183242797852
4.0,0.7920162677764893,0.7563998715745078,0.8506447076797485,0.7973394393920898,0.7789542078971863,0.8166996836662292,0.6622341402241441,0.8623498678207397,0.8070278763771057,0.7955092787742615
