epoch,accuracy,loss,precision,recall,F1-Score,val_accuracy,val_loss,val_precision,val_recall,val_F1-Score
0.0,0.5017722845077515,0.7237209535429998,0.5013990998268127,0.5633111596107483,0.5238704085350037,0.5037034749984741,0.7060893168214892,0.5063841342926025,0.5093775391578674,0.5037689805030823
1.0,0.5042558908462524,0.7007572236375063,0.502938985824585,0.5563949346542358,0.5240508317947388,0.5054110884666443,0.6969096074338819,0.5068984627723694,0.5597755908966064,0.5260384678840637
2.0,0.5085760354995728,0.6942684419851735,0.5089626312255859,0.5007824897766113,0.4975097179412842,0.5077324509620667,0.693604341295899,0.5114192366600037,0.45856738090515137,0.478946715593338
3.0,0.5159062743186951,0.6923002649727181,0.5154340267181396,0.5267181992530823,0.516348123550415,0.5056939125061035,0.6931728730436231,0.507194995880127,0.5784223079681396,0.537566065788269
4.0,0.5236424207687378,0.690438847728227,0.5233291387557983,0.5424270033836365,0.5230729579925537,0.5166655778884888,0.6926350710821934,0.520762026309967,0.5291237235069275,0.5190762877464294
