epoch,accuracy,loss,precision,recall,F1-Score,val_accuracy,val_loss,val_precision,val_recall,val_F1-Score
0.0,0.5034521222114563,0.708109499740993,0.5030519962310791,0.5054455399513245,0.5018735527992249,0.5112544298171997,0.6974929190072857,0.5145041346549988,0.5003966689109802,0.5057342648506165
1.0,0.5216491222381592,0.6930578279887698,0.5223480463027954,0.5072739720344543,0.5128071904182434,0.5209400057792664,0.6929639216329231,0.5243589282035828,0.5171226263046265,0.5191662311553955
2.0,0.5443753004074097,0.684885885489821,0.5488004684448242,0.5098579525947571,0.5266067385673523,0.5307109951972961,0.6893074688364248,0.539384126663208,0.46291619539260864,0.49705633521080017
3.0,0.5703084468841553,0.6713358394403026,0.5813152194023132,0.5140289068222046,0.5437440872192383,0.5392758846282959,0.6858102718337638,0.5476279258728027,0.5137942433357239,0.5268228650093079
4.0,0.593669593334198,0.6527922060263991,0.6104713678359985,0.5469037890434265,0.5733633041381836,0.5551570653915405,0.6811154260010016,0.5656562447547913,0.5465729832649231,0.5513445138931274
