epoch,accuracy,loss,precision,recall,F1-Score,val_accuracy,val_loss,val_precision,val_recall,val_F1-Score
0.0,0.6161115169525146,0.6046765772807292,0.6457996964454651,0.6295073628425598,0.6264867186546326,0.6673487424850464,0.5480429944013938,0.698047935962677,0.6944981813430786,0.6853839755058289
1.0,0.6703270077705383,0.5430498137840858,0.69675213098526,0.6918323040008545,0.6861915588378906,0.6721343994140625,0.5413706687780527,0.7000102400779724,0.6391667127609253,0.6661001443862915
2.0,0.6731715202331543,0.539093563480255,0.6987225413322449,0.6688309907913208,0.6780898571014404,0.6727694272994995,0.5399799722280257,0.699259877204895,0.6344935297966003,0.6592133045196533
3.0,0.6743341684341431,0.5379761951856125,0.70029616355896,0.6621770858764648,0.6758264899253845,0.6751832962036133,0.5376542328565549,0.7023624181747437,0.6448338627815247,0.6701181530952454
4.0,0.6753280162811279,0.5370944739763553,0.7034501433372498,0.6495721936225891,0.6710212826728821,0.6748817563056946,0.5385401841921684,0.6971416473388672,0.6940992474555969,0.6899271011352539
