epoch,accuracy,loss,precision,recall,F1-Score,val_accuracy,val_loss,val_precision,val_recall,val_F1-Score
0.0,0.8183067440986633,0.3599198813468982,0.8121376633644104,0.8406360149383545,0.8207037448883057,0.8320672512054443,0.33537649662066726,0.846002995967865,0.8243762850761414,0.8292748928070068
1.0,0.847619891166687,0.3120386426227215,0.8510871529579163,0.8521331548690796,0.8474920988082886,0.845778226852417,0.314266499372629,0.8510357737541199,0.8600379228591919,0.8469744920730591
2.0,0.8615607023239136,0.2906251357725033,0.8765437006950378,0.849592924118042,0.8591712117195129,0.8670422434806824,0.28245394796897205,0.8869219422340393,0.8459656834602356,0.8637853860855103
3.0,0.863977313041687,0.2865755726320621,0.8819591999053955,0.8483291864395142,0.8611385226249695,0.8628875613212585,0.2885253456311348,0.8789105415344238,0.849872350692749,0.8601242899894714
4.0,0.8657414317131042,0.28371491022216966,0.8844150900840759,0.8485182523727417,0.8627532720565796,0.8678855895996094,0.28020328054061305,0.8856697678565979,0.8497940897941589,0.8651183843612671
