epoch,accuracy,loss,precision,recall,F1-Score,val_accuracy,val_loss,val_precision,val_recall,val_F1-Score
0.0,0.8173827528953552,0.36391545260563873,0.8215649127960205,0.842171311378479,0.8146955370903015,0.8627222180366516,0.28386002345407596,0.898334264755249,0.8297743797302246,0.8550093770027161
1.0,0.8611447811126709,0.2805974368407176,0.8630326390266418,0.8802024126052856,0.8621677756309509,0.8686029314994812,0.26579296326295276,0.8740485906600952,0.8755428194999695,0.8682863712310791
2.0,0.8669911623001099,0.2708182297608791,0.8696586489677429,0.8829931020736694,0.8675936460494995,0.8702399134635925,0.2622313429830504,0.8659038543701172,0.8920808434486389,0.8717106580734253
3.0,0.8698126673698425,0.26534464015410497,0.8739765882492065,0.8841650485992432,0.870132565498352,0.853227436542511,0.3008279032760956,0.8644244074821472,0.8750054836273193,0.8565850257873535
4.0,0.8771704435348511,0.2530749148588914,0.8813815116882324,0.8892331123352051,0.8774526715278625,0.8867960572242737,0.2362575209775909,0.8811648488044739,0.9039286375045776,0.8883739113807678
