epoch,accuracy,loss,precision,recall,F1-Score,val_accuracy,val_loss,val_precision,val_recall,val_F1-Score
0.0,0.6272986531257629,0.5982627286207982,0.6732792258262634,0.5818985104560852,0.6112025380134583,0.6929847598075867,0.5320238878176763,0.7719319462776184,0.6064692735671997,0.6603906154632568
1.0,0.6965432167053223,0.5250833269800895,0.7691199779510498,0.623375654220581,0.6700292229652405,0.6974889636039734,0.5226600060401819,0.7639338970184326,0.6298662424087524,0.6744595766067505
2.0,0.6987825036048889,0.5209160443834769,0.7679516077041626,0.6290595531463623,0.6740729212760925,0.6992096900939941,0.520219006660657,0.772071361541748,0.6168800592422485,0.6694763898849487
3.0,0.7003928422927856,0.5191104555435669,0.7668441534042358,0.6308918595314026,0.6764199137687683,0.700093150138855,0.5191710438483801,0.7678581476211548,0.622424304485321,0.6737247705459595
4.0,0.7009202241897583,0.5179412173384276,0.765835165977478,0.6309781074523926,0.6768720149993896,0.6998497247695923,0.5191602206841494,0.7556747198104858,0.6309598684310913,0.6765891313552856
