epoch,accuracy,loss,precision,recall,F1-Score,val_accuracy,val_loss,val_precision,val_recall,val_F1-Score
0.0,0.9041441082954407,0.21253020239710319,0.9238974452018738,0.8931730389595032,0.8962081074714661,0.9566469788551331,0.10218463178540839,0.9744021892547607,0.9411543011665344,0.9556276798248291
1.0,0.9602864384651184,0.09455173168285394,0.9697026610374451,0.9536350965499878,0.959894061088562,0.9672451019287109,0.07972887133965727,0.9724785089492798,0.9643916487693787,0.967303991317749
2.0,0.9683882594108582,0.07601971249766801,0.9744899272918701,0.9643658995628357,0.9681553840637207,0.9719091057777405,0.06916497574477899,0.9756017923355103,0.9697669744491577,0.9717783331871033
3.0,0.9744284749031067,0.06392341007482367,0.9789884686470032,0.9713712334632874,0.9742624163627625,0.9780352711677551,0.054233151442203364,0.9913714528083801,0.9657315015792847,0.9780341386795044
4.0,0.9756100177764893,0.06092781556670558,0.9800763130187988,0.9726628661155701,0.9754893779754639,0.9798763394355774,0.052817814174245616,0.974770724773407,0.9859822988510132,0.9799460172653198
