epoch,accuracy,loss,precision,recall,F1-Score,val_accuracy,val_loss,val_precision,val_recall,val_F1-Score
0.0,0.5184905529022217,0.6952518125680777,0.5204367637634277,0.49448835849761963,0.5052332878112793,0.5544513463973999,0.6770557055219275,0.566237211227417,0.4953097999095917,0.526266872882843
1.0,0.611297070980072,0.6238998364790892,0.6535377502441406,0.5953802466392517,0.6092254519462585,0.6368975043296814,0.5919152940394449,0.6864789128303528,0.6440672874450684,0.6478148698806763
2.0,0.6531760692596436,0.5700676204608037,0.6986443400382996,0.659241795539856,0.6652496457099915,0.6584059000015259,0.5631746202707291,0.6976718902587891,0.6837136745452881,0.6776591539382935
3.0,0.667573094367981,0.5480208159104372,0.7032577991485596,0.691074013710022,0.6864943504333496,0.6652178168296814,0.5521787903347953,0.6946961283683777,0.685392439365387,0.6821484565734863
4.0,0.674182653427124,0.5371510787499256,0.7052685618400574,0.7078485488891602,0.696626603603363,0.6686503887176514,0.5465683311712547,0.6960214376449585,0.7149468660354614,0.6950105428695679
